Agency,SKU,Volume
Agency_23,SKU_06,567.0840900000003
Agency_23,SKU_18,1.2593370000000004
Agency_23,SKU_01,39.78288
Agency_23,SKU_14,1.353768
Agency_23,SKU_17,1.2593370000000004
Agency_23,SKU_02,51.83784
Agency_23,SKU_20,1.2593370000000004
Agency_23,SKU_04,36.281535000000005
Agency_23,SKU_27,1.2541440000000004
Agency_23,SKU_22,1.2541440000000004
Agency_23,SKU_21,1.2541440000000004
Agency_23,SKU_08,1.8517709999999994
Agency_23,SKU_23,1.2541440000000004
Agency_23,SKU_11,1.8517709999999994
Agency_23,SKU_28,1.2541440000000004
Agency_23,SKU_03,15.07935
Agency_23,SKU_31,1.2541440000000004
Agency_23,SKU_26,1.2541440000000004
Agency_23,SKU_24,1.2541440000000004
Agency_23,SKU_15,1.3527
Agency_23,SKU_12,1.353768
Agency_23,SKU_34,1.2541440000000004
Agency_23,SKU_07,362.34974400000016
Agency_23,SKU_05,567.0840900000003
Agency_23,SKU_32,1.2541440000000004
Agency_34,SKU_20,3.4713329999999996
Agency_34,SKU_12,4.426862999999999
Agency_34,SKU_21,3.5879909999999997
Agency_34,SKU_05,5.3670209999999985
Agency_34,SKU_04,5.3670209999999985
Agency_34,SKU_24,3.5879909999999997
Agency_34,SKU_34,3.0365189999999997
Agency_34,SKU_23,3.5879909999999997
Agency_34,SKU_18,3.4713329999999996
Agency_34,SKU_28,3.0365189999999997
Agency_34,SKU_15,3.4713329999999996
Agency_34,SKU_11,5.453924999999998
Agency_34,SKU_31,3.0365189999999997
Agency_34,SKU_06,5.3670209999999985
Agency_34,SKU_17,3.4713329999999996
Agency_34,SKU_07,5.3670209999999985
Agency_34,SKU_22,3.5879909999999997
Agency_34,SKU_32,3.0365189999999997
Agency_34,SKU_02,2.9946569999999997
Agency_34,SKU_08,5.453924999999998
Agency_34,SKU_26,3.5879909999999997
Agency_34,SKU_27,3.0365189999999997
Agency_34,SKU_01,3.0162569999999995
Agency_34,SKU_14,3.4713329999999996
Agency_34,SKU_03,3.036128999999999
Agency_24,SKU_02,106.48584000000002
Agency_24,SKU_20,0.5613420000000003
Agency_24,SKU_04,84.69595199999998
Agency_24,SKU_27,0.5523510000000003
Agency_24,SKU_22,0.5523510000000003
Agency_24,SKU_01,1.7560800000000005
Agency_24,SKU_18,0.5473260000000003
Agency_24,SKU_24,0.5523510000000003
Agency_24,SKU_32,0.5523510000000003
Agency_24,SKU_17,0.5469000000000004
Agency_24,SKU_06,515.3781210000001
Agency_24,SKU_21,0.5523510000000003
Agency_24,SKU_23,0.5523510000000003
Agency_24,SKU_11,1.7785350000000006
Agency_24,SKU_34,0.5523510000000003
Agency_24,SKU_14,0.8434980000000002
Agency_24,SKU_12,0.8434980000000002
Agency_24,SKU_05,515.3781210000001
Agency_24,SKU_15,0.8000130000000003
Agency_24,SKU_08,1.7785350000000006
Agency_24,SKU_07,325.4743740000001
Agency_24,SKU_28,0.5523510000000003
Agency_24,SKU_26,0.5523510000000003
Agency_24,SKU_03,6.701321999999998
Agency_24,SKU_31,0.5523510000000003
Agency_40,SKU_06,717.125886
Agency_40,SKU_27,0.09492300000000002
Agency_40,SKU_08,5.898971999999999
Agency_40,SKU_02,44.31556199999999
Agency_40,SKU_31,0.09492300000000002
Agency_40,SKU_15,0.069192
Agency_40,SKU_21,0.09492300000000002
Agency_40,SKU_12,0.12030600000000001
Agency_40,SKU_24,0.09492300000000002
Agency_40,SKU_34,0.09492300000000002
Agency_40,SKU_32,0.09492300000000002
Agency_40,SKU_20,0.081078
Agency_40,SKU_11,5.898971999999999
Agency_40,SKU_01,34.57097699999999
Agency_40,SKU_26,0.09492300000000002
Agency_40,SKU_14,0.12030600000000001
Agency_40,SKU_18,0.06621
Agency_40,SKU_28,0.09492300000000002
Agency_40,SKU_07,717.125886
Agency_40,SKU_22,0.09492300000000002
Agency_40,SKU_05,31.269879
Agency_40,SKU_04,206.92426200000003
Agency_40,SKU_03,17.529695999999998
Agency_40,SKU_17,0.069192
Agency_40,SKU_23,0.09492300000000002
Agency_42,SKU_32,4.080726
Agency_42,SKU_05,428.864049
Agency_42,SKU_24,4.080726
Agency_42,SKU_28,4.080726
Agency_42,SKU_12,4.080726
Agency_42,SKU_17,4.080726
Agency_42,SKU_03,1410.4429080000004
Agency_42,SKU_01,345.55248000000006
Agency_42,SKU_14,4.080726
Agency_42,SKU_23,4.080726
Agency_42,SKU_31,4.080726
Agency_42,SKU_02,140.35680000000005
Agency_42,SKU_34,4.080726
Agency_42,SKU_27,4.080726
Agency_42,SKU_22,4.080726
Agency_42,SKU_08,4.080726
Agency_42,SKU_20,4.080726
Agency_42,SKU_11,4.080726
Agency_42,SKU_18,4.080726
Agency_42,SKU_15,4.080726
Agency_42,SKU_26,4.080726
Agency_42,SKU_07,4.080726
Agency_42,SKU_21,4.080726
Agency_42,SKU_04,126.40696799999996
Agency_42,SKU_06,428.864049
Agency_08,SKU_02,2.747519999999999
Agency_08,SKU_24,0.8324430000000004
Agency_08,SKU_23,0.8324430000000004
Agency_08,SKU_03,13.814264999999999
Agency_08,SKU_08,3.8327370000000007
Agency_08,SKU_18,0.8224320000000003
Agency_08,SKU_12,1.0579470000000004
Agency_08,SKU_34,0.8324430000000004
Agency_08,SKU_17,0.8249880000000003
Agency_08,SKU_26,0.8324430000000004
Agency_08,SKU_11,3.8327370000000007
Agency_08,SKU_31,0.8324430000000004
Agency_08,SKU_01,210.01031999999998
Agency_08,SKU_06,22.436001
Agency_08,SKU_22,0.8324430000000004
Agency_08,SKU_04,146.98992299999992
Agency_08,SKU_27,0.8324430000000004
Agency_08,SKU_32,0.8324430000000004
Agency_08,SKU_05,8.473886999999998
Agency_08,SKU_15,1.0477230000000004
Agency_08,SKU_28,0.8324430000000004
Agency_08,SKU_07,20.060955
Agency_08,SKU_21,0.8324430000000004
Agency_08,SKU_20,0.8185980000000002
Agency_08,SKU_14,1.0579470000000004
Agency_35,SKU_26,1.8334799999999998
Agency_35,SKU_12,3.8712390000000005
Agency_35,SKU_24,3.433919999999999
Agency_35,SKU_03,3.220482
Agency_35,SKU_34,0.35374500000000003
Agency_35,SKU_22,3.433919999999999
Agency_35,SKU_18,3.5255549999999998
Agency_35,SKU_01,2.3529240000000002
Agency_35,SKU_02,2.489004
Agency_35,SKU_28,0.35374500000000003
Agency_35,SKU_21,3.433919999999999
Agency_35,SKU_05,5.9479799999999985
Agency_35,SKU_15,3.5255549999999998
Agency_35,SKU_11,5.743961999999999
Agency_35,SKU_27,0.35374500000000003
Agency_35,SKU_32,0.35374500000000003
Agency_35,SKU_08,5.743961999999999
Agency_35,SKU_17,3.5255549999999998
Agency_35,SKU_23,3.433919999999999
Agency_35,SKU_04,6.0296460000000005
Agency_35,SKU_07,5.9479799999999985
Agency_35,SKU_20,3.34068
Agency_35,SKU_14,3.8541990000000004
Agency_35,SKU_06,5.9479799999999985
Agency_35,SKU_31,0.35374500000000003
Agency_13,SKU_18,5.137577999999999
Agency_13,SKU_04,970.433949
Agency_13,SKU_27,1.7001285000000004
Agency_13,SKU_05,1317.9321959999997
Agency_13,SKU_15,5.151723
Agency_13,SKU_12,12.198384
Agency_13,SKU_06,9.543090000000001
Agency_13,SKU_11,9.84459
Agency_13,SKU_22,3.3879059999999996
Agency_13,SKU_03,238.96580699999993
Agency_13,SKU_31,9.886308
Agency_13,SKU_08,224.82480300000003
Agency_13,SKU_01,5898.43512
Agency_13,SKU_28,1.7001285000000004
Agency_13,SKU_34,9.886308
Agency_13,SKU_20,4.323221999999999
Agency_13,SKU_24,1.8351210000000002
Agency_13,SKU_17,5.332934999999999
Agency_13,SKU_07,8.575650000000001
Agency_13,SKU_02,4930.847519999999
Agency_13,SKU_21,3.3879059999999996
Agency_13,SKU_26,1.7397285000000002
Agency_13,SKU_14,5.681964000000001
Agency_13,SKU_32,9.886308
Agency_13,SKU_23,2.3628210000000003
Agency_07,SKU_04,1440.786684
Agency_07,SKU_03,591.3055529999998
Agency_07,SKU_21,5.465844000000001
Agency_07,SKU_32,38.28188999999999
Agency_07,SKU_18,5.603262
Agency_07,SKU_08,255.45155099999997
Agency_07,SKU_05,334.2538230000001
Agency_07,SKU_06,6.59802
Agency_07,SKU_11,8.829761999999997
Agency_07,SKU_27,1.6631340000000001
Agency_07,SKU_23,2.4134550000000004
Agency_07,SKU_02,1187.7343199999998
Agency_07,SKU_24,1.9589190000000003
Agency_07,SKU_17,5.590056
Agency_07,SKU_20,5.002523999999999
Agency_07,SKU_31,30.163224
Agency_07,SKU_14,4.552598999999999
Agency_07,SKU_26,1.6922265
Agency_07,SKU_22,5.465844000000001
Agency_07,SKU_01,10089.189090000005
Agency_07,SKU_15,4.904196
Agency_07,SKU_28,1.6631340000000001
Agency_07,SKU_07,5.6109
Agency_07,SKU_12,11.294706000000001
Agency_07,SKU_34,41.474732999999986
Agency_56,SKU_12,10.285952999999996
Agency_56,SKU_14,3.138633
Agency_56,SKU_20,2.555003999999999
Agency_56,SKU_27,2.6302815000000006
Agency_56,SKU_17,2.169227999999999
Agency_56,SKU_15,2.5221419999999988
Agency_56,SKU_03,6222.2999340000015
Agency_56,SKU_08,197.17961999999997
Agency_56,SKU_06,7.9119
Agency_56,SKU_28,2.6302815000000006
Agency_56,SKU_34,36.52029300000001
Agency_56,SKU_32,31.531371000000004
Agency_56,SKU_04,3046.5483570000006
Agency_56,SKU_01,3738.8822400000004
Agency_56,SKU_05,624.599523
Agency_56,SKU_23,2.7357014999999993
Agency_56,SKU_11,8.043308999999997
Agency_56,SKU_18,2.169227999999999
Agency_56,SKU_24,2.8762590000000006
Agency_56,SKU_22,5.090835000000001
Agency_56,SKU_07,7.9119
Agency_56,SKU_31,30.159621
Agency_56,SKU_21,5.090835000000001
Agency_56,SKU_26,2.7391665000000005
Agency_56,SKU_02,1592.91795
Agency_11,SKU_14,0.9976680000000002
Agency_11,SKU_24,0.7728030000000002
Agency_11,SKU_28,0.7728030000000002
Agency_11,SKU_05,5.2305269999999995
Agency_11,SKU_01,358.69608
Agency_11,SKU_27,0.7728030000000002
Agency_11,SKU_31,0.7728030000000002
Agency_11,SKU_02,5.110560000000001
Agency_11,SKU_21,0.7728030000000002
Agency_11,SKU_22,0.7728030000000002
Agency_11,SKU_17,0.7606620000000003
Agency_11,SKU_23,0.7728030000000002
Agency_11,SKU_12,0.9976680000000002
Agency_11,SKU_03,212.31842400000008
Agency_11,SKU_26,0.7728030000000002
Agency_11,SKU_06,19.192640999999995
Agency_11,SKU_18,0.7589580000000002
Agency_11,SKU_15,0.9942600000000001
Agency_11,SKU_11,3.8327370000000007
Agency_11,SKU_07,18.082805999999994
Agency_11,SKU_04,108.65253299999999
Agency_11,SKU_32,0.7728030000000002
Agency_11,SKU_08,3.8327370000000007
Agency_11,SKU_20,0.7589580000000002
Agency_11,SKU_34,0.7728030000000002
Agency_21,SKU_28,0.6756209999999997
Agency_21,SKU_21,0.6756209999999997
Agency_21,SKU_26,0.6756209999999997
Agency_21,SKU_06,267.4643999999999
Agency_21,SKU_03,38.341373999999995
Agency_21,SKU_11,173.90517299999996
Agency_21,SKU_05,267.4643999999999
Agency_21,SKU_24,0.6756209999999997
Agency_21,SKU_02,96.39432000000002
Agency_21,SKU_12,0.8544780000000002
Agency_21,SKU_08,173.90517299999996
Agency_21,SKU_14,0.8544780000000002
Agency_21,SKU_01,51.21144
Agency_21,SKU_32,0.6756209999999997
Agency_21,SKU_23,0.6756209999999997
Agency_21,SKU_34,0.6756209999999997
Agency_21,SKU_04,25.602752999999996
Agency_21,SKU_27,0.6756209999999997
Agency_21,SKU_31,0.6756209999999997
Agency_21,SKU_18,0.6764729999999998
Agency_21,SKU_07,173.90517299999996
Agency_21,SKU_15,0.8544780000000002
Agency_21,SKU_17,0.6764729999999998
Agency_21,SKU_22,0.6756209999999997
Agency_21,SKU_20,0.6756209999999997
Agency_18,SKU_08,6.183783000000001
Agency_18,SKU_20,0.902736
Agency_18,SKU_27,0.8981820000000001
Agency_18,SKU_28,0.8981820000000001
Agency_18,SKU_03,33.48914099999999
Agency_18,SKU_22,0.8981820000000001
Agency_18,SKU_34,0.8981820000000001
Agency_18,SKU_18,0.900819
Agency_18,SKU_04,163.41080999999997
Agency_18,SKU_15,1.0158630000000002
Agency_18,SKU_21,0.8981820000000001
Agency_18,SKU_06,592.327197
Agency_18,SKU_26,0.8981820000000001
Agency_18,SKU_24,0.8981820000000001
Agency_18,SKU_01,9.348480000000006
Agency_18,SKU_12,1.0150110000000003
Agency_18,SKU_05,440.212101
Agency_18,SKU_02,68.29613999999998
Agency_18,SKU_11,6.183783000000001
Agency_18,SKU_17,0.901671
Agency_18,SKU_31,0.8981820000000001
Agency_18,SKU_32,0.8981820000000001
Agency_18,SKU_23,0.8981820000000001
Agency_18,SKU_07,438.7357049999999
Agency_18,SKU_14,1.0150110000000003
Agency_50,SKU_12,9.452232000000002
Agency_50,SKU_08,230.02542599999998
Agency_50,SKU_03,413.73290099999997
Agency_50,SKU_28,1.888932
Agency_50,SKU_17,1.0700190000000003
Agency_50,SKU_14,2.0805089999999993
Agency_50,SKU_22,4.118730000000002
Agency_50,SKU_20,1.4156130000000002
Agency_50,SKU_18,1.0700190000000003
Agency_50,SKU_26,1.9978170000000004
Agency_50,SKU_24,2.2375095000000003
Agency_50,SKU_21,4.120440000000001
Agency_50,SKU_04,2226.698559
Agency_50,SKU_07,81.04830000000001
Agency_50,SKU_34,25.64673
Agency_50,SKU_06,81.04830000000001
Agency_50,SKU_27,1.888932
Agency_50,SKU_15,1.8949589999999994
Agency_50,SKU_31,22.496130000000004
Agency_50,SKU_01,1517.4367200000006
Agency_50,SKU_23,2.6600145000000004
Agency_50,SKU_05,3608.884484999997
Agency_50,SKU_11,6.987287999999999
Agency_50,SKU_32,23.292630000000003
Agency_50,SKU_02,13072.911828000004
Agency_60,SKU_21,4.840986000000001
Agency_60,SKU_31,39.515319000000005
Agency_60,SKU_02,5421.403440000002
Agency_60,SKU_27,2.4857924999999996
Agency_60,SKU_05,1862.6044409999997
Agency_60,SKU_08,192.36009299999998
Agency_60,SKU_06,59.764050000000005
Agency_60,SKU_26,2.588834999999999
Agency_60,SKU_23,2.390219999999999
Agency_60,SKU_34,41.937741
Agency_60,SKU_07,59.764050000000005
Agency_60,SKU_14,3.170798999999999
Agency_60,SKU_12,10.333419
Agency_60,SKU_32,40.869369000000006
Agency_60,SKU_11,7.979624999999999
Agency_60,SKU_24,2.7259274999999996
Agency_60,SKU_20,2.6524169999999994
Agency_60,SKU_17,2.4682889999999995
Agency_60,SKU_18,2.4682889999999995
Agency_60,SKU_22,4.840986000000001
Agency_60,SKU_15,2.515967999999999
Agency_60,SKU_28,2.4857924999999996
Agency_60,SKU_04,1454.9874149999994
Agency_60,SKU_01,10501.577819999999
Agency_60,SKU_03,329.87411100000014
Agency_17,SKU_28,16.906653
Agency_17,SKU_03,22.047054000000003
Agency_17,SKU_14,16.906653
Agency_17,SKU_23,16.906653
Agency_17,SKU_06,678.5842140000001
Agency_17,SKU_11,16.906653
Agency_17,SKU_32,16.906653
Agency_17,SKU_34,16.906653
Agency_17,SKU_08,16.906653
Agency_17,SKU_05,678.5842140000001
Agency_17,SKU_18,16.906653
Agency_17,SKU_17,16.906653
Agency_17,SKU_22,16.906653
Agency_17,SKU_26,16.906653
Agency_17,SKU_31,16.906653
Agency_17,SKU_04,237.63384000000002
Agency_17,SKU_01,128.94335999999998
Agency_17,SKU_12,16.906653
Agency_17,SKU_02,1102.9608
Agency_17,SKU_24,16.906653
Agency_17,SKU_27,16.906653
Agency_17,SKU_07,16.906653
Agency_17,SKU_20,16.906653
Agency_17,SKU_15,16.906653
Agency_17,SKU_21,16.906653
Agency_29,SKU_06,9.555840000000003
Agency_29,SKU_21,3.257748
Agency_29,SKU_26,3.257748
Agency_29,SKU_20,3.257748
Agency_29,SKU_03,6.110313
Agency_29,SKU_34,3.257748
Agency_29,SKU_14,2.6804909999999995
Agency_29,SKU_02,5.056599000000002
Agency_29,SKU_22,3.257748
Agency_29,SKU_17,3.257748
Agency_29,SKU_04,35.07699900000001
Agency_29,SKU_23,3.257748
Agency_29,SKU_32,3.257748
Agency_29,SKU_28,3.257748
Agency_29,SKU_05,32.089707000000004
Agency_29,SKU_18,3.257748
Agency_29,SKU_07,9.555840000000003
Agency_29,SKU_01,9.532872
Agency_29,SKU_12,2.6804909999999995
Agency_29,SKU_24,3.257748
Agency_29,SKU_08,2.6804909999999995
Agency_29,SKU_31,3.257748
Agency_29,SKU_11,2.6804909999999995
Agency_29,SKU_15,3.257748
Agency_29,SKU_27,3.257748
Agency_26,SKU_21,1.3918980000000005
Agency_26,SKU_17,1.3918980000000005
Agency_26,SKU_03,0.18676799999999996
Agency_26,SKU_14,3.795846000000001
Agency_26,SKU_01,0.6372000000000003
Agency_26,SKU_04,2.5286159999999995
Agency_26,SKU_26,1.0003140000000001
Agency_26,SKU_27,1.0003140000000001
Agency_26,SKU_08,3.813696000000001
Agency_26,SKU_06,0.26953200000000005
Agency_26,SKU_31,1.0003140000000001
Agency_26,SKU_07,0.26953200000000005
Agency_26,SKU_20,1.3918980000000005
Agency_26,SKU_18,1.3918980000000005
Agency_26,SKU_24,1.3918980000000005
Agency_26,SKU_15,1.3918980000000005
Agency_26,SKU_22,1.3918980000000005
Agency_26,SKU_02,0.93744
Agency_26,SKU_23,1.3918980000000005
Agency_26,SKU_28,1.0003140000000001
Agency_26,SKU_05,0.26953200000000005
Agency_26,SKU_32,1.0003140000000001
Agency_26,SKU_12,3.795846000000001
Agency_26,SKU_34,1.0003140000000001
Agency_26,SKU_11,3.813696000000001
Agency_01,SKU_32,20.633562000000005
Agency_01,SKU_26,20.633562000000005
Agency_01,SKU_06,19.705023000000008
Agency_01,SKU_27,20.633562000000005
Agency_01,SKU_12,20.633562000000005
Agency_01,SKU_01,56.12543999999998
Agency_01,SKU_14,20.633562000000005
Agency_01,SKU_24,20.633562000000005
Agency_01,SKU_07,19.705023000000008
Agency_01,SKU_23,20.633562000000005
Agency_01,SKU_17,20.633562000000005
Agency_01,SKU_03,19.854519
Agency_01,SKU_31,20.633562000000005
Agency_01,SKU_05,19.705023000000008
Agency_01,SKU_15,20.633562000000005
Agency_01,SKU_18,20.633562000000005
Agency_01,SKU_21,20.633562000000005
Agency_01,SKU_04,115.42907999999997
Agency_01,SKU_28,20.633562000000005
Agency_01,SKU_34,20.633562000000005
Agency_01,SKU_08,20.633562000000005
Agency_01,SKU_11,20.633562000000005
Agency_01,SKU_02,27.820224
Agency_01,SKU_22,20.633562000000005
Agency_01,SKU_20,20.633562000000005
Agency_33,SKU_22,9.687695999999999
Agency_33,SKU_24,9.687695999999999
Agency_33,SKU_06,9.775449000000002
Agency_33,SKU_32,8.639211
Agency_33,SKU_03,5.240142
Agency_33,SKU_08,9.841859999999999
Agency_33,SKU_11,9.982295999999998
Agency_33,SKU_27,8.639211
Agency_33,SKU_20,9.687695999999999
Agency_33,SKU_15,9.687695999999999
Agency_33,SKU_17,9.687695999999999
Agency_33,SKU_05,19.022510999999998
Agency_33,SKU_04,19.022510999999998
Agency_33,SKU_28,8.639211
Agency_33,SKU_23,9.687695999999999
Agency_33,SKU_21,9.687695999999999
Agency_33,SKU_31,8.639211
Agency_33,SKU_12,9.198569999999998
Agency_33,SKU_07,9.775449000000002
Agency_33,SKU_26,9.687695999999999
Agency_33,SKU_02,4.75704
Agency_33,SKU_34,8.639211
Agency_33,SKU_14,9.198569999999998
Agency_33,SKU_18,9.687695999999999
Agency_33,SKU_01,5.823357000000002
Agency_02,SKU_34,51.47969700000002
Agency_02,SKU_32,47.84993400000001
Agency_02,SKU_05,1558.681257
Agency_02,SKU_27,11.880590999999999
Agency_02,SKU_21,12.413742
Agency_02,SKU_22,12.413742
Agency_02,SKU_18,12.405813
Agency_02,SKU_23,11.986791
Agency_02,SKU_08,201.80802899999995
Agency_02,SKU_04,4240.114269
Agency_02,SKU_03,16911.621794999995
Agency_02,SKU_02,5446.740239999998
Agency_02,SKU_07,99.4563
Agency_02,SKU_31,30.835071
Agency_02,SKU_14,12.497231999999999
Agency_02,SKU_24,11.986791
Agency_02,SKU_15,12.553251
Agency_02,SKU_28,11.880590999999999
Agency_02,SKU_01,5272.322399999999
Agency_02,SKU_26,11.880590999999999
Agency_02,SKU_12,16.69515
Agency_02,SKU_06,99.4563
Agency_02,SKU_11,8.009046
Agency_02,SKU_20,12.405813
Agency_02,SKU_17,12.197925000000003
Agency_47,SKU_07,231.27445024999997
Agency_47,SKU_23,0.3346268571428571
Agency_47,SKU_12,0.3405578571428572
Agency_47,SKU_15,0.3371828571428571
Agency_47,SKU_20,0.3346268571428571
Agency_47,SKU_14,0.3405578571428572
Agency_47,SKU_06,231.27445024999997
Agency_47,SKU_34,0.3346268571428571
Agency_47,SKU_24,0.3346268571428571
Agency_47,SKU_08,2.0929452499999996
Agency_47,SKU_21,0.3346268571428571
Agency_47,SKU_01,6.0372
Agency_47,SKU_18,0.33547885714285713
Agency_47,SKU_04,48.68782199999999
Agency_47,SKU_05,0.11106125
Agency_47,SKU_28,0.3346268571428571
Agency_47,SKU_26,0.3346268571428571
Agency_47,SKU_17,0.3371828571428571
Agency_47,SKU_22,0.3346268571428571
Agency_47,SKU_27,0.3346268571428571
Agency_47,SKU_31,0.3346268571428571
Agency_47,SKU_32,0.3346268571428571
Agency_47,SKU_03,227.485635
Agency_47,SKU_11,2.0929452499999996
Agency_47,SKU_02,0.18792
Agency_41,SKU_14,4.248218999999999
Agency_41,SKU_12,11.131011
Agency_41,SKU_24,1.9994100000000001
Agency_41,SKU_02,4457.652480000001
Agency_41,SKU_06,21.281280000000002
Agency_41,SKU_07,18.898709999999998
Agency_41,SKU_08,197.17961999999997
Agency_41,SKU_21,3.15279
Agency_41,SKU_32,10.226804999999999
Agency_41,SKU_11,8.888366999999999
Agency_41,SKU_26,1.7903175000000002
Agency_41,SKU_05,2638.673919
Agency_41,SKU_23,2.7629099999999998
Agency_41,SKU_34,10.226804999999999
Agency_41,SKU_04,973.97946
Agency_41,SKU_20,3.596049
Agency_41,SKU_28,1.7499825000000002
Agency_41,SKU_17,4.3359570000000005
Agency_41,SKU_22,3.15279
Agency_41,SKU_31,10.226804999999999
Agency_41,SKU_18,4.479789
Agency_41,SKU_15,3.8385029999999993
Agency_41,SKU_27,1.7499825000000002
Agency_41,SKU_01,4524.003390000002
Agency_41,SKU_03,980.1567720000002
Agency_03,SKU_18,5.245616999999999
Agency_03,SKU_26,3.972675000000001
Agency_03,SKU_03,7909.234260000003
Agency_03,SKU_17,5.210897999999999
Agency_03,SKU_24,4.192567500000001
Agency_03,SKU_04,1122.170805
Agency_03,SKU_08,235.74294599999996
Agency_03,SKU_14,5.779272000000001
Agency_03,SKU_11,9.894902999999998
Agency_03,SKU_20,5.394639
Agency_03,SKU_22,6.945177
Agency_03,SKU_28,3.9759825000000006
Agency_03,SKU_27,3.9759825000000006
Agency_03,SKU_02,911.6258700000003
Agency_03,SKU_15,5.508252
Agency_03,SKU_07,9.87597
Agency_03,SKU_05,791.1331139999996
Agency_03,SKU_32,2.933114999999999
Agency_03,SKU_12,12.597842999999997
Agency_03,SKU_31,2.9596649999999993
Agency_03,SKU_34,4.340264999999999
Agency_03,SKU_21,6.945177
Agency_03,SKU_06,10.72836
Agency_03,SKU_23,4.3576035000000015
Agency_03,SKU_01,1125.1418400000005
Agency_36,SKU_02,8.139033
Agency_36,SKU_24,7.139745000000001
Agency_36,SKU_11,6.012066
Agency_36,SKU_03,8.139033
Agency_36,SKU_22,7.139745000000001
Agency_36,SKU_12,5.862737999999999
Agency_36,SKU_04,6.063611999999999
Agency_36,SKU_15,6.584493000000001
Agency_36,SKU_32,5.520054000000001
Agency_36,SKU_20,6.584493000000001
Agency_36,SKU_26,7.139745000000001
Agency_36,SKU_18,6.584493000000001
Agency_36,SKU_23,7.139745000000001
Agency_36,SKU_34,5.520054000000001
Agency_36,SKU_05,6.063611999999999
Agency_36,SKU_28,5.520054000000001
Agency_36,SKU_06,5.981442
Agency_36,SKU_17,6.584493000000001
Agency_36,SKU_21,7.139745000000001
Agency_36,SKU_31,5.520054000000001
Agency_36,SKU_27,5.520054000000001
Agency_36,SKU_01,8.139033
Agency_36,SKU_07,5.981442
Agency_36,SKU_08,6.012066
Agency_36,SKU_14,6.584493000000001
Agency_10,SKU_26,1.0255499999999997
Agency_10,SKU_14,4.64577
Agency_10,SKU_32,51.034257000000004
Agency_10,SKU_03,3504.811725000001
Agency_10,SKU_01,1892.8490399999996
Agency_10,SKU_07,11.24835
Agency_10,SKU_22,1.8371700000000002
Agency_10,SKU_24,1.2652425
Agency_10,SKU_21,1.8371700000000002
Agency_10,SKU_20,4.488573
Agency_10,SKU_17,5.236419000000001
Agency_10,SKU_06,13.411650000000002
Agency_10,SKU_12,11.626671000000002
Agency_10,SKU_34,51.87300000000001
Agency_10,SKU_05,353.513418
Agency_10,SKU_02,360.2184000000002
Agency_10,SKU_27,1.0255499999999997
Agency_10,SKU_18,5.227899000000001
Agency_10,SKU_31,43.71209100000001
Agency_10,SKU_11,9.161726999999999
Agency_10,SKU_28,1.0255499999999997
Agency_10,SKU_23,1.8845550000000002
Agency_10,SKU_08,255.45155099999997
Agency_10,SKU_15,4.997366999999999
Agency_10,SKU_04,962.8349159999995
Agency_31,SKU_06,36.22131000000001
Agency_31,SKU_26,6.941528999999999
Agency_31,SKU_02,33.858
Agency_31,SKU_20,6.941528999999999
Agency_31,SKU_22,6.941528999999999
Agency_31,SKU_01,214.7169600000001
Agency_31,SKU_07,6.941528999999999
Agency_31,SKU_03,598.4397540000002
Agency_31,SKU_31,6.941528999999999
Agency_31,SKU_14,6.941528999999999
Agency_31,SKU_15,6.941528999999999
Agency_31,SKU_28,6.941528999999999
Agency_31,SKU_27,6.941528999999999
Agency_31,SKU_23,6.941528999999999
Agency_31,SKU_05,36.22131000000001
Agency_31,SKU_18,6.941528999999999
Agency_31,SKU_11,6.941528999999999
Agency_31,SKU_34,6.941528999999999
Agency_31,SKU_21,6.941528999999999
Agency_31,SKU_24,6.941528999999999
Agency_31,SKU_08,6.941528999999999
Agency_31,SKU_04,823.4910209999999
Agency_31,SKU_32,6.941528999999999
Agency_31,SKU_17,6.941528999999999
Agency_31,SKU_12,6.941528999999999
Agency_37,SKU_04,1.2968640000000002
Agency_37,SKU_28,1.3823249999999996
Agency_37,SKU_01,6.2485800000000005
Agency_37,SKU_11,1.3893840000000004
Agency_37,SKU_20,1.7697809999999998
Agency_37,SKU_22,2.0283870000000004
Agency_37,SKU_14,1.7697809999999998
Agency_37,SKU_05,1.2968640000000002
Agency_37,SKU_15,1.7697809999999998
Agency_37,SKU_17,1.7697809999999998
Agency_37,SKU_34,1.3823249999999996
Agency_37,SKU_12,1.7697809999999998
Agency_37,SKU_21,2.0283870000000004
Agency_37,SKU_26,1.6046009999999997
Agency_37,SKU_18,1.7697809999999998
Agency_37,SKU_27,1.3823249999999996
Agency_37,SKU_32,1.3823249999999996
Agency_37,SKU_24,2.0283870000000004
Agency_37,SKU_06,1.2968640000000002
Agency_37,SKU_07,1.2968640000000002
Agency_37,SKU_23,2.0283870000000004
Agency_37,SKU_31,1.3823249999999996
Agency_37,SKU_08,1.3893840000000004
Agency_37,SKU_02,6.2485800000000005
Agency_37,SKU_03,6.2485800000000005
Agency_44,SKU_05,23.67219
Agency_44,SKU_02,19.619280000000003
Agency_44,SKU_15,23.67219
Agency_44,SKU_22,23.67219
Agency_44,SKU_31,23.67219
Agency_44,SKU_27,23.67219
Agency_44,SKU_11,23.67219
Agency_44,SKU_28,23.67219
Agency_44,SKU_03,170.43999900000003
Agency_44,SKU_08,23.67219
Agency_44,SKU_24,23.67219
Agency_44,SKU_04,75.83745900000007
Agency_44,SKU_14,23.67219
Agency_44,SKU_12,23.67219
Agency_44,SKU_17,23.67219
Agency_44,SKU_23,23.67219
Agency_44,SKU_01,43.30584000000002
Agency_44,SKU_21,23.67219
Agency_44,SKU_06,23.67219
Agency_44,SKU_34,23.67219
Agency_44,SKU_20,23.67219
Agency_44,SKU_32,23.67219
Agency_44,SKU_07,23.67219
Agency_44,SKU_18,23.67219
Agency_44,SKU_26,23.67219
Agency_16,SKU_12,8.715233999999997
Agency_16,SKU_06,11.88993
Agency_16,SKU_23,2.6252865
Agency_16,SKU_07,11.9121
Agency_16,SKU_21,3.3999839999999995
Agency_16,SKU_18,3.8217299999999983
Agency_16,SKU_14,4.455548999999998
Agency_16,SKU_22,3.3999839999999995
Agency_16,SKU_11,6.386999999999998
Agency_16,SKU_03,134.03082600000005
Agency_16,SKU_08,114.01285199999998
Agency_16,SKU_15,3.999218999999998
Agency_16,SKU_05,1198.109649
Agency_16,SKU_26,2.033358
Agency_16,SKU_02,5194.88424
Agency_16,SKU_27,1.9775580000000006
Agency_16,SKU_17,3.9898859999999985
Agency_16,SKU_20,3.2069339999999986
Agency_16,SKU_01,7404.585749999999
Agency_16,SKU_31,2.326653
Agency_16,SKU_32,2.3001029999999996
Agency_16,SKU_34,1.574403
Agency_16,SKU_24,2.2406505000000005
Agency_16,SKU_28,1.9775580000000006
Agency_16,SKU_04,633.7074839999998
Agency_49,SKU_03,11458.249515000007
Agency_49,SKU_18,1.7257019999999996
Agency_49,SKU_01,1942.36704
Agency_49,SKU_22,5.186394000000003
Agency_49,SKU_08,211.910676
Agency_49,SKU_21,5.186394000000003
Agency_49,SKU_23,3.0965445
Agency_49,SKU_27,2.3540745000000003
Agency_49,SKU_15,2.3876879999999994
Agency_49,SKU_14,3.0007710000000003
Agency_49,SKU_05,2334.289157999999
Agency_49,SKU_34,25.4703
Agency_49,SKU_24,2.6666520000000005
Agency_49,SKU_02,2992.96725
Agency_49,SKU_26,2.4629595
Agency_49,SKU_20,2.110061999999999
Agency_49,SKU_04,2220.4249200000004
Agency_49,SKU_31,22.490327999999998
Agency_49,SKU_28,2.3540745000000003
Agency_49,SKU_07,6.841049999999999
Agency_49,SKU_32,23.286828
Agency_49,SKU_17,1.7257019999999996
Agency_49,SKU_12,10.171355999999996
Agency_49,SKU_11,7.928711999999997
Agency_49,SKU_06,7.828169999999999
Agency_32,SKU_12,12.715890000000002
Agency_32,SKU_31,10.226804999999999
Agency_32,SKU_15,5.764227
Agency_32,SKU_23,2.684502
Agency_32,SKU_34,10.226804999999999
Agency_32,SKU_26,1.7659095000000002
Agency_32,SKU_18,5.052159
Agency_32,SKU_07,5.6752199999999995
Agency_32,SKU_21,3.141678
Agency_32,SKU_02,2616.403679999998
Agency_32,SKU_03,1044.583821
Agency_32,SKU_11,10.473245999999996
Agency_32,SKU_14,6.230567999999998
Agency_32,SKU_27,1.7255745000000002
Agency_32,SKU_04,2534.8122599999992
Agency_32,SKU_08,111.152832
Agency_32,SKU_28,1.7255745000000002
Agency_32,SKU_24,1.9750020000000001
Agency_32,SKU_32,10.226804999999999
Agency_32,SKU_22,3.141678
Agency_32,SKU_06,5.76783
Agency_32,SKU_05,3644.516222999999
Agency_32,SKU_17,5.050728
Agency_32,SKU_01,1824.7485599999993
Agency_32,SKU_20,4.489121999999999
Agency_54,SKU_14,0.32269499999999995
Agency_54,SKU_07,338.2720499999999
Agency_54,SKU_15,0.285207
Agency_54,SKU_28,0.302676
Agency_54,SKU_26,0.302676
Agency_54,SKU_11,2.999483999999999
Agency_54,SKU_06,338.2720499999999
Agency_54,SKU_02,59.613372
Agency_54,SKU_17,0.285207
Agency_54,SKU_21,0.302676
Agency_54,SKU_20,0.31822500000000004
Agency_54,SKU_01,88.14095999999996
Agency_54,SKU_34,0.302676
Agency_54,SKU_22,0.302676
Agency_54,SKU_23,0.302676
Agency_54,SKU_03,173.75842800000007
Agency_54,SKU_08,2.999483999999999
Agency_54,SKU_05,107.24203799999998
Agency_54,SKU_24,0.302676
Agency_54,SKU_31,0.302676
Agency_54,SKU_32,0.302676
Agency_54,SKU_27,0.302676
Agency_54,SKU_12,0.32269499999999995
Agency_54,SKU_04,151.66457399999996
Agency_54,SKU_18,0.304209
Agency_38,SKU_23,2.5775490000000003
Agency_38,SKU_27,1.8184215000000001
Agency_38,SKU_22,3.3120029999999985
Agency_38,SKU_07,45.14385
Agency_38,SKU_20,2.486439
Agency_38,SKU_04,1328.88177
Agency_38,SKU_15,3.1389509999999996
Agency_38,SKU_26,1.8749565000000001
Agency_38,SKU_28,1.8184215000000001
Agency_38,SKU_06,45.14385
Agency_38,SKU_31,2.990883
Agency_38,SKU_14,3.5171429999999986
Agency_38,SKU_01,10063.58895
Agency_38,SKU_11,8.139933
Agency_38,SKU_05,3047.479989
Agency_38,SKU_32,4.344933
Agency_38,SKU_12,10.493727000000003
Agency_38,SKU_34,4.344933
Agency_38,SKU_02,4396.8355200000005
Agency_38,SKU_08,192.36009299999998
Agency_38,SKU_03,2129.1634710000003
Agency_38,SKU_21,3.3120029999999985
Agency_38,SKU_18,3.160023
Agency_38,SKU_17,3.242393999999999
Agency_38,SKU_24,2.0858490000000005
Agency_48,SKU_06,11.02989
Agency_48,SKU_07,10.20405
Agency_48,SKU_24,1.6600065000000008
Agency_48,SKU_05,1702.5543450000002
Agency_48,SKU_18,1.7683364999999998
Agency_48,SKU_21,3.0627435
Agency_48,SKU_32,26.863845000000005
Agency_48,SKU_02,1111.280769
Agency_48,SKU_34,30.197817000000008
Agency_48,SKU_01,3017.5758449999994
Agency_48,SKU_08,211.910676
Agency_48,SKU_20,2.116027499999999
Agency_48,SKU_27,1.3972440000000004
Agency_48,SKU_26,1.4563140000000003
Agency_48,SKU_14,3.004106999999999
Agency_48,SKU_11,7.911122999999998
Agency_48,SKU_04,2272.1059980000005
Agency_48,SKU_22,3.0627435
Agency_48,SKU_28,1.3972440000000004
Agency_48,SKU_23,2.171649000000001
Agency_48,SKU_12,10.153766999999995
Agency_48,SKU_15,2.3876159999999995
Agency_48,SKU_17,1.7683364999999998
Agency_48,SKU_03,10367.872026
Agency_48,SKU_31,26.067345000000003
Agency_25,SKU_27,0.3092970000000001
Agency_25,SKU_14,0.6343200000000002
Agency_25,SKU_03,7.498310999999998
Agency_25,SKU_06,505.0545690000001
Agency_25,SKU_08,1.949787
Agency_25,SKU_05,505.041195
Agency_25,SKU_11,1.949787
Agency_25,SKU_32,0.3092970000000001
Agency_25,SKU_24,0.3092970000000001
Agency_25,SKU_22,0.3092970000000001
Agency_25,SKU_07,327.701694
Agency_25,SKU_15,0.5950860000000002
Agency_25,SKU_04,16.982607
Agency_25,SKU_21,0.3092970000000001
Agency_25,SKU_17,0.30299400000000015
Agency_25,SKU_31,0.3092970000000001
Agency_25,SKU_20,0.31828800000000007
Agency_25,SKU_18,0.30342000000000013
Agency_25,SKU_01,5.669999999999998
Agency_25,SKU_28,0.3092970000000001
Agency_25,SKU_23,0.3092970000000001
Agency_25,SKU_34,0.3092970000000001
Agency_25,SKU_26,0.3092970000000001
Agency_25,SKU_12,0.6343200000000002
Agency_25,SKU_02,99.85247999999997
Agency_55,SKU_12,9.834842999999996
Agency_55,SKU_24,3.316164000000001
Agency_55,SKU_32,29.296746000000006
Agency_55,SKU_21,5.834810999999999
Agency_55,SKU_26,3.179071500000001
Agency_55,SKU_04,2513.4937950000003
Agency_55,SKU_06,6.067020000000001
Agency_55,SKU_01,4067.8632000000002
Agency_55,SKU_20,2.385311999999999
Agency_55,SKU_15,2.2618799999999992
Agency_55,SKU_34,32.152818
Agency_55,SKU_08,158.25703199999995
Agency_55,SKU_31,27.924996000000007
Agency_55,SKU_14,2.8766669999999994
Agency_55,SKU_05,1074.0974400000002
Agency_55,SKU_22,5.834810999999999
Agency_55,SKU_03,5479.990065000003
Agency_55,SKU_18,2.1132779999999993
Agency_55,SKU_02,1757.9829599999998
Agency_55,SKU_27,3.0760290000000015
Agency_55,SKU_07,5.0799
Agency_55,SKU_28,3.0760290000000015
Agency_55,SKU_23,3.3250065000000006
Agency_55,SKU_11,7.592198999999997
Agency_55,SKU_17,2.1132779999999993
Agency_46,SKU_21,2.850813
Agency_46,SKU_02,4566.903119999999
Agency_46,SKU_11,11.041056
Agency_46,SKU_15,6.523212000000001
Agency_46,SKU_18,6.711288
Agency_46,SKU_17,6.711288
Agency_46,SKU_08,211.910676
Agency_46,SKU_01,4078.607039999999
Agency_46,SKU_14,6.654306
Agency_46,SKU_12,13.2837
Agency_46,SKU_23,2.1160140000000007
Agency_46,SKU_34,30.197817000000008
Agency_46,SKU_24,1.4942715000000006
Agency_46,SKU_32,26.863845000000005
Agency_46,SKU_05,4111.791420000001
Agency_46,SKU_28,1.2337515000000006
Agency_46,SKU_04,3184.8473219999996
Agency_46,SKU_07,15.264719999999997
Agency_46,SKU_03,2829.364395000001
Agency_46,SKU_06,17.63844
Agency_46,SKU_27,1.2337515000000006
Agency_46,SKU_26,1.2851790000000005
Agency_46,SKU_22,2.850813
Agency_46,SKU_31,26.067345000000003
Agency_46,SKU_20,5.839475999999999
Agency_59,SKU_15,2.6908709999999996
Agency_59,SKU_34,4.243925999999999
Agency_59,SKU_27,2.307774
Agency_59,SKU_31,2.8898759999999997
Agency_59,SKU_14,3.359382
Agency_59,SKU_23,2.4511515
Agency_59,SKU_21,3.2182919999999986
Agency_59,SKU_07,7.177349999999997
Agency_59,SKU_18,1.898307
Agency_59,SKU_32,4.243925999999999
Agency_59,SKU_04,1218.8826749999998
Agency_59,SKU_12,10.555331999999998
Agency_59,SKU_17,1.898307
Agency_59,SKU_26,2.3676164999999996
Agency_59,SKU_03,610.9193910000004
Agency_59,SKU_11,8.201537999999998
Agency_59,SKU_08,121.09950599999998
Agency_59,SKU_06,7.155179999999997
Agency_59,SKU_01,6173.556450000003
Agency_59,SKU_24,2.4975089999999995
Agency_59,SKU_28,2.307774
Agency_59,SKU_05,1497.1484340000006
Agency_59,SKU_20,2.109849
Agency_59,SKU_02,4414.830479999999
Agency_59,SKU_22,3.2182919999999986
Agency_58,SKU_07,41.931180000000005
Agency_58,SKU_23,1.8939000000000004
Agency_58,SKU_22,3.0663749999999976
Agency_58,SKU_08,192.36009299999998
Agency_58,SKU_05,1446.6033089999996
Agency_58,SKU_26,1.8147150000000003
Agency_58,SKU_03,239.82779099999993
Agency_58,SKU_17,2.1002639999999992
Agency_58,SKU_28,1.7692725000000002
Agency_58,SKU_21,3.0663749999999976
Agency_58,SKU_20,2.330123999999999
Agency_58,SKU_01,5942.3740199999975
Agency_58,SKU_18,2.1002639999999992
Agency_58,SKU_32,9.886308
Agency_58,SKU_11,7.8446219999999975
Agency_58,SKU_04,1550.8026659999998
Agency_58,SKU_31,9.886308
Agency_58,SKU_06,41.931180000000005
Agency_58,SKU_27,1.7692725000000002
Agency_58,SKU_14,3.3280199999999995
Agency_58,SKU_02,4540.63752
Agency_58,SKU_34,9.886308
Agency_58,SKU_15,2.7140369999999994
Agency_58,SKU_12,10.198415999999998
Agency_58,SKU_24,1.8618075000000003
Agency_20,SKU_14,6.072107999999998
Agency_20,SKU_18,5.977209
Agency_20,SKU_15,5.985119999999999
Agency_20,SKU_31,37.09364700000002
Agency_20,SKU_21,5.762744999999998
Agency_20,SKU_11,9.890739
Agency_20,SKU_06,5.5802700000000005
Agency_20,SKU_01,3289.6972799999994
Agency_20,SKU_32,47.663616000000005
Agency_20,SKU_12,12.244533
Agency_20,SKU_08,224.82480300000003
Agency_20,SKU_03,242.28506699999997
Agency_20,SKU_34,44.51858700000002
Agency_20,SKU_20,5.079707999999999
Agency_20,SKU_23,2.0116050000000003
Agency_20,SKU_04,1425.7489050000001
Agency_20,SKU_07,4.628550000000001
Agency_20,SKU_26,1.7398125000000002
Agency_20,SKU_27,1.7449200000000002
Agency_20,SKU_02,12933.227429999995
Agency_20,SKU_24,1.8352050000000002
Agency_20,SKU_22,5.762744999999998
Agency_20,SKU_17,6.2360159999999984
Agency_20,SKU_28,1.7449200000000002
Agency_20,SKU_05,2751.724233000001
Agency_57,SKU_20,3.2045399999999997
Agency_57,SKU_18,2.9394119999999986
Agency_57,SKU_22,5.3660429999999995
Agency_57,SKU_07,107.12039999999999
Agency_57,SKU_32,39.594969000000006
Agency_57,SKU_01,8816.322960000001
Agency_57,SKU_03,1057.6325369999995
Agency_57,SKU_06,107.12039999999999
Agency_57,SKU_31,38.240919000000005
Agency_57,SKU_02,5869.216860000004
Agency_57,SKU_11,8.097122999999998
Agency_57,SKU_17,2.9394119999999986
Agency_57,SKU_05,1923.4091010000004
Agency_57,SKU_24,3.0221475000000004
Agency_57,SKU_12,10.450916999999997
Agency_57,SKU_21,5.3660429999999995
Agency_57,SKU_26,2.8850550000000004
Agency_57,SKU_28,2.7820125
Agency_57,SKU_27,2.7820125
Agency_57,SKU_15,2.648765999999999
Agency_57,SKU_34,40.52174100000001
Agency_57,SKU_23,2.98164
Agency_57,SKU_08,192.36009299999998
Agency_57,SKU_14,3.303596999999999
Agency_57,SKU_04,1548.7723349999994
Agency_12,SKU_12,11.751834
Agency_12,SKU_21,2.82132
Agency_12,SKU_31,1.653513
Agency_12,SKU_26,1.4807265000000003
Agency_12,SKU_07,8.478300000000004
Agency_12,SKU_03,563.9173739999997
Agency_12,SKU_15,4.491218999999999
Agency_12,SKU_08,224.82480300000003
Agency_12,SKU_06,9.330690000000004
Agency_12,SKU_20,3.2599349999999987
Agency_12,SKU_18,4.105814999999999
Agency_12,SKU_14,5.110919999999999
Agency_12,SKU_24,1.6880190000000008
Agency_12,SKU_17,4.301171999999999
Agency_12,SKU_01,11442.344490000003
Agency_12,SKU_22,2.82132
Agency_12,SKU_34,1.6269630000000002
Agency_12,SKU_28,1.4231265000000002
Agency_12,SKU_32,1.6269630000000002
Agency_12,SKU_23,2.2040550000000008
Agency_12,SKU_11,9.398039999999998
Agency_12,SKU_04,1803.7266390000002
Agency_12,SKU_27,1.4231265000000002
Agency_12,SKU_02,5899.29888
Agency_12,SKU_05,2575.2480750000004
Agency_30,SKU_24,2.3417490000000005
Agency_30,SKU_31,7.796720999999998
Agency_30,SKU_21,3.0912660000000005
Agency_30,SKU_12,11.843294999999998
Agency_30,SKU_18,4.705122
Agency_30,SKU_07,5.399730000000001
Agency_30,SKU_05,280.5129930000001
Agency_30,SKU_26,2.1074565000000005
Agency_30,SKU_01,1026.40824
Agency_30,SKU_27,2.0560290000000006
Agency_30,SKU_34,9.274671
Agency_30,SKU_06,5.39505
Agency_30,SKU_20,3.9118319999999986
Agency_30,SKU_11,9.378350999999997
Agency_30,SKU_32,8.593220999999998
Agency_30,SKU_22,3.0912660000000005
Agency_30,SKU_04,3730.3663050000005
Agency_30,SKU_17,4.638494999999999
Agency_30,SKU_28,2.0560290000000006
Agency_30,SKU_15,4.350611999999999
Agency_30,SKU_23,2.8746615
Agency_30,SKU_03,12554.048943000005
Agency_30,SKU_02,193.83408000000003
Agency_30,SKU_14,5.1920459999999995
Agency_30,SKU_08,112.52328599999998
Agency_45,SKU_12,8.545023
Agency_45,SKU_11,8.545023
Agency_45,SKU_26,8.545023
Agency_45,SKU_15,8.545023
Agency_45,SKU_27,8.545023
Agency_45,SKU_08,8.545023
Agency_45,SKU_02,64.10664000000003
Agency_45,SKU_20,8.545023
Agency_45,SKU_32,8.545023
Agency_45,SKU_21,8.545023
Agency_45,SKU_05,543.4006049999997
Agency_45,SKU_23,8.545023
Agency_45,SKU_18,8.545023
Agency_45,SKU_28,8.545023
Agency_45,SKU_04,209.84579699999998
Agency_45,SKU_34,8.545023
Agency_45,SKU_06,543.4006049999997
Agency_45,SKU_22,8.545023
Agency_45,SKU_07,8.545023
Agency_45,SKU_03,32.463110999999984
Agency_45,SKU_17,8.545023
Agency_45,SKU_01,72.07704
Agency_45,SKU_14,8.545023
Agency_45,SKU_24,8.545023
Agency_45,SKU_31,8.545023
Agency_39,SKU_34,9.886308
Agency_39,SKU_31,9.886308
Agency_39,SKU_28,1.9975575
Agency_39,SKU_21,3.366461999999999
Agency_39,SKU_06,6.7607399999999975
Agency_39,SKU_08,192.36009299999998
Agency_39,SKU_04,1142.7469680000002
Agency_39,SKU_23,2.794485
Agency_39,SKU_03,238.31759399999987
Agency_39,SKU_14,3.976130999999999
Agency_39,SKU_32,9.886308
Agency_39,SKU_20,2.961638999999999
Agency_39,SKU_26,2.0378925
Agency_39,SKU_27,1.9975575
Agency_39,SKU_17,3.7324799999999994
Agency_39,SKU_07,7.3133399999999975
Agency_39,SKU_15,3.528075
Agency_39,SKU_11,8.437893
Agency_39,SKU_05,6929.463042000001
Agency_39,SKU_22,3.366461999999999
Agency_39,SKU_12,10.791687000000001
Agency_39,SKU_01,3660.1977600000014
Agency_39,SKU_18,3.641187
Agency_39,SKU_24,2.248785
Agency_39,SKU_02,4531.967280000003
Agency_04,SKU_23,0.7459560000000003
Agency_04,SKU_32,0.7459560000000003
Agency_04,SKU_22,0.7459560000000003
Agency_04,SKU_31,0.7459560000000003
Agency_04,SKU_08,1.9523219999999997
Agency_04,SKU_28,0.7459560000000003
Agency_04,SKU_27,0.7459560000000003
Agency_04,SKU_24,0.7459560000000003
Agency_04,SKU_02,4.33944
Agency_04,SKU_12,0.9689100000000002
Agency_04,SKU_01,16.880400000000005
Agency_04,SKU_06,15.611031000000004
Agency_04,SKU_11,1.9523219999999997
Agency_04,SKU_34,0.7459560000000003
Agency_04,SKU_14,0.9689100000000002
Agency_04,SKU_15,0.9650730000000004
Agency_04,SKU_04,54.55188299999999
Agency_04,SKU_03,356.7789659999998
Agency_04,SKU_20,0.7615050000000002
Agency_04,SKU_07,15.646749000000005
Agency_04,SKU_17,0.7615050000000002
Agency_04,SKU_26,0.7459560000000003
Agency_04,SKU_05,1.6450409999999998
Agency_04,SKU_18,0.7615050000000002
Agency_04,SKU_21,0.7459560000000003
Agency_09,SKU_01,3503.952
Agency_09,SKU_18,5.247370499999999
Agency_09,SKU_22,1.1087955000000003
Agency_09,SKU_11,10.716428999999998
Agency_09,SKU_24,1.5211905000000001
Agency_09,SKU_07,11.665499999999998
Agency_09,SKU_32,48.316100999999996
Agency_09,SKU_04,1183.6921409999998
Agency_09,SKU_14,3.044978999999998
Agency_09,SKU_02,1154.3018399999996
Agency_09,SKU_28,1.1871450000000001
Agency_09,SKU_34,57.328562999999995
Agency_09,SKU_31,36.762165
Agency_09,SKU_20,4.660477499999998
Agency_09,SKU_15,4.311050999999999
Agency_09,SKU_21,1.1087955000000003
Agency_09,SKU_03,7925.451093000005
Agency_09,SKU_26,1.1411954999999998
Agency_09,SKU_12,13.733901000000003
Agency_09,SKU_23,2.1406065
Agency_09,SKU_05,1200.4041689999995
Agency_09,SKU_06,11.933129999999998
Agency_09,SKU_27,1.1871450000000001
Agency_09,SKU_17,5.171968499999999
Agency_09,SKU_08,376.7417220000001
Agency_43,SKU_05,485.9427089999998
Agency_43,SKU_27,26.27064
Agency_43,SKU_18,26.27064
Agency_43,SKU_14,26.27064
Agency_43,SKU_06,485.9427089999998
Agency_43,SKU_22,26.27064
Agency_43,SKU_12,26.27064
Agency_43,SKU_23,26.27064
Agency_43,SKU_17,26.27064
Agency_43,SKU_31,26.27064
Agency_43,SKU_03,138.18808199999998
Agency_43,SKU_01,417.32279999999986
Agency_43,SKU_21,26.27064
Agency_43,SKU_02,389.1628799999999
Agency_43,SKU_11,26.27064
Agency_43,SKU_28,26.27064
Agency_43,SKU_32,26.27064
Agency_43,SKU_08,26.27064
Agency_43,SKU_07,26.27064
Agency_43,SKU_20,26.27064
Agency_43,SKU_34,26.27064
Agency_43,SKU_15,26.27064
Agency_43,SKU_04,208.60741799999985
Agency_43,SKU_26,26.27064
Agency_43,SKU_24,26.27064
Agency_53,SKU_12,10.328925
Agency_53,SKU_20,2.2885319999999987
Agency_53,SKU_17,1.9067279999999998
Agency_53,SKU_03,532.795917
Agency_53,SKU_11,8.086280999999998
Agency_53,SKU_02,7069.9454399999995
Agency_53,SKU_14,3.4856849999999993
Agency_53,SKU_07,13.67925
Agency_53,SKU_27,2.6359770000000005
Agency_53,SKU_24,2.6425545
Agency_53,SKU_08,197.17961999999997
Agency_53,SKU_34,41.28467400000002
Agency_53,SKU_31,41.45530200000001
Agency_53,SKU_15,2.8172219999999997
Agency_53,SKU_26,2.6476620000000004
Agency_53,SKU_05,5657.0099040000005
Agency_53,SKU_22,4.0552589999999995
Agency_53,SKU_23,2.809347
Agency_53,SKU_28,2.6359770000000005
Agency_53,SKU_01,4050.39096
Agency_53,SKU_21,4.0552589999999995
Agency_53,SKU_06,16.18572
Agency_53,SKU_32,41.45530200000001
Agency_53,SKU_04,2367.0530789999993
Agency_53,SKU_18,1.9067279999999998
Agency_27,SKU_02,568.1426399999999
Agency_27,SKU_11,8.513558999999997
Agency_27,SKU_18,3.8313719999999982
Agency_27,SKU_07,26.612039999999997
Agency_27,SKU_08,255.45155099999997
Agency_27,SKU_12,10.978503
Agency_27,SKU_06,31.064879999999995
Agency_27,SKU_27,1.0649579999999998
Agency_27,SKU_31,1.531926
Agency_27,SKU_28,1.0649579999999998
Agency_27,SKU_32,2.328426
Agency_27,SKU_22,2.461410000000001
Agency_27,SKU_23,1.9969125000000003
Agency_27,SKU_34,3.735575999999999
Agency_27,SKU_04,3682.6758570000006
Agency_27,SKU_20,2.809607999999999
Agency_27,SKU_26,1.1306355
Agency_27,SKU_14,3.8763329999999985
Agency_27,SKU_24,1.3613280000000003
Agency_27,SKU_15,3.856439999999998
Agency_27,SKU_01,2241.1987200000012
Agency_27,SKU_17,3.6911609999999992
Agency_27,SKU_21,2.461410000000001
Agency_27,SKU_03,4850.4816599999995
Agency_27,SKU_05,82.525587
Agency_28,SKU_12,1.750314
Agency_28,SKU_04,77.30225100000001
Agency_28,SKU_11,9.697461000000002
Agency_28,SKU_18,1.7431139999999998
Agency_28,SKU_24,1.773105
Agency_28,SKU_26,1.773105
Agency_28,SKU_34,1.773105
Agency_28,SKU_22,1.773105
Agency_28,SKU_14,1.750314
Agency_28,SKU_21,1.773105
Agency_28,SKU_20,1.7592600000000003
Agency_28,SKU_23,1.773105
Agency_28,SKU_17,1.744392
Agency_28,SKU_03,58.709075999999975
Agency_28,SKU_06,722.5891200000001
Agency_28,SKU_27,1.773105
Agency_28,SKU_01,23.567759999999993
Agency_28,SKU_31,1.773105
Agency_28,SKU_02,18.748800000000003
Agency_28,SKU_08,9.697461000000002
Agency_28,SKU_07,722.5891200000001
Agency_28,SKU_32,1.773105
Agency_28,SKU_15,1.744392
Agency_28,SKU_28,1.773105
Agency_28,SKU_05,3.474451499999999
Agency_19,SKU_02,69.47639999999997
Agency_19,SKU_12,1.0353810000000003
Agency_19,SKU_04,134.42063400000004
Agency_19,SKU_17,0.8118030000000003
Agency_19,SKU_20,0.8062650000000002
Agency_19,SKU_05,109.342974
Agency_19,SKU_24,0.8158500000000002
Agency_19,SKU_14,1.0353810000000003
Agency_19,SKU_08,2.042858999999999
Agency_19,SKU_34,0.8158500000000002
Agency_19,SKU_28,0.8158500000000002
Agency_19,SKU_21,0.8158500000000002
Agency_19,SKU_26,0.8158500000000002
Agency_19,SKU_03,54.02286599999999
Agency_19,SKU_31,0.8158500000000002
Agency_19,SKU_18,0.8100990000000003
Agency_19,SKU_01,35.078399999999995
Agency_19,SKU_32,0.8158500000000002
Agency_19,SKU_07,85.33945199999997
Agency_19,SKU_11,2.042858999999999
Agency_19,SKU_22,0.8158500000000002
Agency_19,SKU_23,0.8158500000000002
Agency_19,SKU_06,121.28073600000002
Agency_19,SKU_27,0.8158500000000002
Agency_19,SKU_15,1.0345380000000004
Agency_05,SKU_03,905.1166049999997
Agency_05,SKU_20,4.102430999999999
Agency_05,SKU_27,1.0889415
Agency_05,SKU_14,3.8949029999999976
Agency_05,SKU_23,1.841706000000001
Agency_05,SKU_06,109.5984
Agency_05,SKU_32,43.06763399999999
Agency_05,SKU_11,8.145140999999997
Agency_05,SKU_04,4661.776499999998
Agency_05,SKU_08,255.45155099999997
Agency_05,SKU_34,45.652821
Agency_05,SKU_24,1.382634000000001
Agency_05,SKU_28,1.0889415
Agency_05,SKU_02,1157.9643450000005
Agency_05,SKU_07,109.5984
Agency_05,SKU_21,4.799313
Agency_05,SKU_18,4.321820999999999
Agency_05,SKU_12,10.610085
Agency_05,SKU_05,451.9157160000001
Agency_05,SKU_22,4.799313
Agency_05,SKU_26,1.1051414999999998
Agency_05,SKU_01,8829.65091
Agency_05,SKU_31,34.615331999999995
Agency_05,SKU_15,4.6585259999999975
Agency_05,SKU_17,4.731521999999999
Agency_51,SKU_01,5167.372320000002
Agency_51,SKU_22,3.587691000000001
Agency_51,SKU_06,9.056339999999997
Agency_51,SKU_28,2.3528145
Agency_51,SKU_27,2.3528145
Agency_51,SKU_20,2.2956029999999994
Agency_51,SKU_24,2.6076420000000002
Agency_51,SKU_18,2.032653
Agency_51,SKU_12,9.934724999999995
Agency_51,SKU_02,4891.369680000001
Agency_51,SKU_21,3.587691000000001
Agency_51,SKU_23,2.9655345
Agency_51,SKU_32,25.098270000000003
Agency_51,SKU_26,2.4111495
Agency_51,SKU_03,5001.577923000001
Agency_51,SKU_31,24.30177
Agency_51,SKU_14,2.987748
Agency_51,SKU_04,3274.2036239999998
Agency_51,SKU_17,2.032653
Agency_51,SKU_07,8.106599999999997
Agency_51,SKU_08,178.66572599999995
Agency_51,SKU_11,7.692080999999997
Agency_51,SKU_05,1691.1468749999992
Agency_51,SKU_15,2.372960999999999
Agency_51,SKU_34,26.299392
Agency_22,SKU_15,0.9677940000000004
Agency_22,SKU_20,0.7440750000000002
Agency_22,SKU_04,80.37112199999999
Agency_22,SKU_27,0.7350840000000002
Agency_22,SKU_24,0.7350840000000002
Agency_22,SKU_32,0.7350840000000002
Agency_22,SKU_21,0.7350840000000002
Agency_22,SKU_12,0.9757050000000004
Agency_22,SKU_23,0.7350840000000002
Agency_22,SKU_26,0.7350840000000002
Agency_22,SKU_11,3.027828000000001
Agency_22,SKU_14,0.9757050000000004
Agency_22,SKU_22,0.7350840000000002
Agency_22,SKU_18,0.7440750000000002
Agency_22,SKU_03,94.58942100000004
Agency_22,SKU_28,0.7350840000000002
Agency_22,SKU_07,443.7075569999999
Agency_22,SKU_08,3.027828000000001
Agency_22,SKU_34,0.7350840000000002
Agency_22,SKU_17,0.7440750000000002
Agency_22,SKU_02,154.66032
Agency_22,SKU_06,543.0251639999998
Agency_22,SKU_31,0.7350840000000002
Agency_22,SKU_01,118.84535999999997
Agency_22,SKU_05,295.77624900000006
Agency_52,SKU_18,6.440073
Agency_52,SKU_11,6.440073
Agency_52,SKU_23,6.440073
Agency_52,SKU_26,6.440073
Agency_52,SKU_04,150.77934599999995
Agency_52,SKU_02,1109.2247999999995
Agency_52,SKU_14,6.440073
Agency_52,SKU_08,6.440073
Agency_52,SKU_06,769.4153939999998
Agency_52,SKU_12,6.440073
Agency_52,SKU_27,6.440073
Agency_52,SKU_17,6.440073
Agency_52,SKU_28,6.440073
Agency_52,SKU_05,769.4153939999998
Agency_52,SKU_15,6.440073
Agency_52,SKU_01,157.88519999999997
Agency_52,SKU_34,6.440073
Agency_52,SKU_03,36.99940200000001
Agency_52,SKU_31,6.440073
Agency_52,SKU_22,6.440073
Agency_52,SKU_32,6.440073
Agency_52,SKU_24,6.440073
Agency_52,SKU_20,6.440073
Agency_52,SKU_07,6.440073
Agency_52,SKU_21,6.440073
Agency_15,SKU_20,39.437985
Agency_15,SKU_17,39.437985
Agency_15,SKU_18,39.437985
Agency_15,SKU_04,147.76284299999998
Agency_15,SKU_05,187.17338400000006
Agency_15,SKU_22,39.437985
Agency_15,SKU_32,39.437985
Agency_15,SKU_23,39.437985
Agency_15,SKU_15,39.437985
Agency_15,SKU_34,39.437985
Agency_15,SKU_03,93.90657600000004
Agency_15,SKU_28,39.437985
Agency_15,SKU_07,39.437985
Agency_15,SKU_26,39.437985
Agency_15,SKU_31,39.437985
Agency_15,SKU_01,1389.68568
Agency_15,SKU_06,187.17338400000006
Agency_15,SKU_02,664.3598399999998
Agency_15,SKU_21,39.437985
Agency_15,SKU_08,39.437985
Agency_15,SKU_14,39.437985
Agency_15,SKU_12,39.437985
Agency_15,SKU_24,39.437985
Agency_15,SKU_11,39.437985
Agency_15,SKU_27,39.437985
